1,TITAN V CEO Edition,16988
2,GeForce RTX 2080 Ti,16694
3,TITAN RTX,16432
4,GeForce RTX 2080 SUPER,15881
5,GeForce RTX 2080,15502
6,TITAN Xp COLLECTORS EDITION,15122
7,GeForce RTX 2070 SUPER,14843
8,Quadro RTX 5000 with Max-Q Design,14700
9,Quadro RTX 6000,14567
10,TITAN V,14530
11,NVIDIA TITAN Xp,14236
12,GeForce GTX 1080 Ti,14221
13,Radeon VII,14152
14,GeForce RTX 2070,14052
15,Radeon RX 5700 XT 50th Anniversary,14032
16,Radeon RX 5700 XT,13804
17,GeForce RTX 2060 SUPER,13770
18,NVIDIA TITAN X,13651
19,GeForce RTX 2080 (Mobile),13530
20,Quadro RTX 4000,13305
21,Quadro P6000,13285
22,Quadro RTX 5000,12878
23,GeForce RTX 2060,12843
24,Quadro GP100,12743
25,Quadro GV100,12727
26,Quadro RTX 5000 (Mobile),12499
27,GeForce RTX 2080 with Max-Q Design,12475
28,GeForce GTX 1080,12457
29,Radeon RX 5700,12327
30,GeForce GTX 1070 Ti,12313
31,Radeon RX Vega 64,12183
32,Radeon RX Vega 56,12039
33,Radeon Pro Vega 56,11916
34,Radeon Pro Vega 48,11796
35,GeForce GTX 1660 Ti,11523
36,Radeon Pro Vega 64,11456
37,GeForce GTX 980 Ti,11428
38,Radeon PRO WX 8200,11404
39,GeForce GTX 1070,11378
40,GeForce GTX 1660 SUPER,11372
41,GeForce RTX 2070 (Mobile),11354
42,Quadro RTX 4000 with Max-Q Design,11268
43,GeForce RTX 2070 with Max-Q Design,11245
44,Radeon Vega Frontier Edition,11179
45,Quadro RTX 8000,10980
46,GeForce GTX 1660,10816
47,Radeon Pro WX 9100,10734
48,GeForce GTX TITAN X,10691
49,GeForce RTX 2060 (Mobile),10598
50,Radeon Pro SSG,10498
51,Quadro P4000,10425
52,Quadro P4200,10373
53,Quadro P4200 with Max-Q Design,10295
54,GeForce GTX 1080 with Max-Q Design,10248
55,Quadro RTX 3000,10080
56,Quadro M6000 24GB,10068
57,Quadro P5000,10026
58,Quadro P5200 with Max-Q Design,9796
59,GeForce GTX 1660 Ti (Mobile),9689
60,GeForce GTX 980,9682
61,Quadro P2200,9625
62,GeForce GTX 1070 (Mobile),9539
63,GeForce GTX 1070 with Max-Q Design,9483
64,Radeon RX 590,9477
65,Radeon Pro Duo,9434
66,Quadro M6000,9431
67,Quadro P5200,9367
68,Radeon R9 Fury,9193
69,GeForce GTX 1060,9097
70,Quadro P4000 with Max-Q Design,9083
71,GeForce GTX 1060 3GB,8991
72,GeForce GTX 780 Ti,8891
73,GeForce GTX TITAN Black,8657
74,GeForce GTX 970,8653
75,Radeon RX 580 2048SP,8653
76,Quadro P3200 with Max-Q Design,8643
77,Radeon RX 580,8564
78,GeForce GTX 1660 Ti with Max-Q Design,8557
79,Quadro M5000,8514
80,Radeon R9 390X,8502
81,Radeon R9 Fury + Fury X,8488
82,Radeon RX 480,8148
83,Radeon R9 390,8108
84,Quadro P3200,8101
85,GeForce GTX 1650 SUPER,8051
86,GeForce GTX 780,7956
87,GeForce GTX 1650,7948
88,GeForce GTX Titan,7937
89,Quadro M5500,7915
90,GeForce GTX 1060 with Max-Q Design,7873
91,Radeon Pro WX 7100,7858
92,Radeon R9 295X2,7776
93,Radeon RX 470,7769
94,Radeon Pro 580,7753
95,GeForce GTX 1060 (Mobile),7691
96,GeForce GTX TITAN Z,7647
97,Quadro T2000,7622
98,FirePro W8100 Graphic Adapter,7570
99,Quadro K6000,7476
100,Radeon R9 290X / 390X,7453
101,Tesla P100-PCIE-16GB,7225
102,Quadro P2000,7219
103,Tesla M60,7192
104,FirePro W9100,7189
105,Radeon R9 290 / 390,7152
106,Radeon RX Vega M GH,7057
107,GeForce GTX 1650 (Mobile),6996
108,Radeon RX 570,6897
109,Quadro T1000,6892
110,Quadro M4000,6667
111,GeForce GTX 1060 5GB,6427
112,Radeon Pro Vega 20,6370
113,Radeon Pro 570,6337
114,Radeon R9 380X,6240
115,Radeon RX 5500,6202
116,Radeon Pro 5500M,6186
117,Radeon R9 380,6162
118,Quadro K5200,6100
119,FirePro W8100,6086
120,GeForce GTX 770,6064
121,GeForce GTX 1050 Ti,6061
122,GeForce GTX 1050 Ti (Mobile),5994
123,GeForce GTX 980M,5971
124,Quadro P3000,5930
125,GRID M60-2Q,5904
126,Radeon R9 280X,5855
127,GeForce GTX 960,5830
128,GeForce GTX 1050 Ti with Max-Q Design,5796
129,Radeon R9 M395X,5782
130,Quadro M5000M,5770
131,GeForce GTX 1650 with Max-Q Design,5711
132,GeForce GTX 680,5667
133,Radeon Pro WX 5100,5661
134,Radeon HD 7990,5563
135,FirePro W7100 Adapter,5554
136,Radeon R9 285 / 380,5550
137,GRID M60-8A,5523
138,FirePro W7100,5407
139,GeForce GTX 690,5394
140,Radeon R9 280,5382
141,Quadro P2000 with Max-Q Design,5376
142,GeForce GTX 670,5362
143,GeForce GTX 760 Ti OEM,5344
144,FirePro W9000,5305
145,Radeon HD 7970 / R9 280X,5248
146,GeForce GTX 950,5247
147,FirePro S10000,5235
148,Radeon RX Vega M GL,5232
149,RadeonT RX 5500M,5156
150,Radeon R9 M295X,5150
151,GeForce GTX 760 Ti,5119
152,FirePro S9000,5059
153,Radeon R9 M395,5022
154,GeForce GTX 580,5018
155,Radeon HD 8990,5000
156,GeForce GTX 760,4938
157,Quadro M4000M,4896
158,Radeon Sky 500,4889
159,GeForce GTX 1050,4773
160,Radeon HD 7950 / R9 280,4765
161,FirePro W8000 Adapter,4752
162,P106-100,4732
163,Radeon R9 370,4722
164,Radeon R9 270X,4697
165,GRID M60-1Q,4680
166,FirePro W8000,4672
167,GeForce GTX 660 Ti,4656
168,Radeon R7 370,4644
169,FirePro W7170M,4579
170,Quadro M3000M,4509
171,GeForce GTX 1050 (Mobile),4497
172,Quadro K4200,4476
173,Radeon HD 7870 XT,4470
174,GRID P6-4Q,4429
175,GeForce GTX 570,4418
176,Quadro P1000,4408
177,GRID K520,4384
178,Radeon HD 7870,4384
179,GRID P40-24Q,4375
180,GeForce GTX 480,4360
181,Radeon R9 M390X,4357
182,FirePro W7000,4353
183,Radeon RX 460,4332
184,Barco MXRT 7500,4319
185,Radeon RX 560,4306
186,Quadro M2000,4275
187,GeForce GTX 680MX,4275
188,Radeon R9 270 / R7 370,4260
189,GeForce GTX 970M,4253
190,GeForce GTX 775M,4222
191,GeForce GTX 590,4221
192,FirePro S7000,4166
193,GeForce GTX 660,4130
194,FirePro W7000 Adapter,4106
195,Radeon R9 M290X,4092
196,Radeon Pro WX 4100,4058
197,GeForce GTX 780M,4038
198,Quadro K5000,4016
199,GRID P6-2Q,4001
200,Radeon Pro WX4100,3953
201,GeForce GTX 1050 with Max-Q Design,3903
202,GRID M60-8Q,3884
203,Radeon HD 8970M,3876
204,Radeon HD 7850,3848
205,Quadro P620,3807
206,Radeon HD 7970M,3804
207,GRID K2,3773
208,GeForce GTX 750 Ti,3772
209,Quadro M2200,3744
210,GeForce GTX 880M,3730
211,GeForce GTX 470,3602
212,Quadro K2200,3601
213,Radeon R9 M470X,3563
214,GeForce GTX 650 Ti BOOST,3540
215,Quadro 6000,3532
216,GeForce GTX 560 Ti,3529
217,Radeon HD 6970,3525
218,Tesla C2050,3515
219,FirePro M6100 FireGL V,3487
220,Radeon Pro 560,3475
221,Radeon RX 560X,3455
222,Radeon Pro 460,3453
223,Radeon RX 550,3428
224,Tesla C2050 / C2070,3428
225,Radeon HD8970M,3369
226,Tesla C2075,3364
227,GeForce GTX 680M,3347
228,GeForce GTX 750,3329
229,Radeon Pro WX 3100,3324
230,Radeon R7 360,3316
231,Tesla C2070,3275
232,GeForce GTX 965M,3257
233,Radeon HD 6950,3220
234,Quadro P600,3205
235,GRID M60-4Q,3189
236,Radeon R7 260X,3180
237,FirePro V7000 Adapter,3162
238,Radeon Pro 555,3141
239,Quadro K5100M,3130
240,GeForce GTX 560,3118
241,Radeon Pro 455,3113
242,Radeon Pro WX 4150,3103
243,Radeon R9 M380,3101
244,FirePro W5000,3093
245,Radeon HD 7790,3083
246,Quadro M1200,3083
247,Quadro K1200,3050
248,Radeon R9 360,3032
249,FirePro W5100,3028
250,Radeon R9 260,3018
251,Radeon HD 8950,3010
252,Radeon Pro WX 4130,2984
253,Quadro M2000M,2965
254,FirePro M6100,2963
255,GeForce GTX 465,2947
256,GRID K260Q,2941
257,Radeon HD 6990,2933
258,FirePro W4300,2909
259,Radeon R7 260,2892
260,Quadro K4000,2879
261,Quadro 5000,2856
262,FirePro 3D V9800,2812
263,Quadro M620,2810
264,FirePro V7900,2749
265,FirePro V9800 Adapter,2727
266,Radeon Pro 450,2723
267,Quadro K2200M,2717
268,GeForce GTX 770M,2666
269,GeForce GTX 650 Ti,2660
270,Quadro K4100M,2657
271,GeForce GTX 460,2654
272,Radeon HD 5870,2622
273,Radeon HD 6870,2616
274,Quadro K5000M,2611
275,Radeon HD 5970,2603
276,GeForce MX250,2599
277,GeForce GTX 460 v2,2495
278,GeForce GTX 870M,2477
279,GeForce GTX 675MX,2460
280,FirePro 3D V8800,2438
281,Radeon R9 M470,2435
282,Quadro M1000M,2421
283,GRID M10-2B,2417
284,GeForce GTX 960A,2411
285,GeForce GTX 485M,2401
286,GeForce GTX 960M,2397
287,GRID K280Q,2359
288,Radeon RX 540,2340
289,Quadro K620,2337
290,GeForce GT 1030,2296
291,Radeon HD 6850,2295
292,Radeon HD 5850,2281
293,GeForce GTX 580M,2279
294,Radeon RX Vega 11,2272
295,Radeon HD 6970M,2270
296,Radeon R7 250X,2269
297,GeForce GTX 460 SE,2260
298,GeForce GT 645,2251
299,Quadro K4000M,2243
300,GeForce MX150,2236
301,Radeon R9 350,2236
302,Radeon Pro WX 2100,2227
303,Radeon HD 7770,2224
304,Radeon R7 450,2205
305,GeForce MX230,2198
306,GeForce GTX 560 SE,2198
307,GeForce GTX 745,2197
308,Firepro W5170M,2196
309,RadeonT R7 450,2185
310,GeForce GTX 555,2160
311,Intel Iris Pro P580,2157
312,Radeon TM R9 A360,2148
313,Intel Iris Plus 645,2145
314,GRID K240Q,2144
315,GeForce GTX 675M,2140
316,Radeon R9 M375X,2121
317,FirePro M5100,2103
318,Quadro K3100M,2081
319,GeForce GTX 670MX,2080
320,Radeon R9 M360,2071
321,Quadro 5000M,2060
322,Radeon R7 M465X,2057
323,Radeon HD 5830,2056
324,Quadro P520,2054
325,Quadro 4000,2052
326,GeForce GTX 480M,2051
327,Radeon HD 6790,2047
328,Radeon Vega 11,2043
329,GRID M10-1B,2025
330,GeForce GTX 570M,2024
331,Embedded Radeon E9173,1996
332,Radeon R7 + R7 350 Dual,1982
333,Matrox C680 PCIe x16,1978
334,GeForce MX130,1977
335,GeForce GTX 860M,1976
336,Intel Iris Plus 655,1972
337,Radeon HD 6900M,1963
338,Radeon R7 + HD 7700 Dual,1962
339,Radeon HD 7660D + HD 7700 Dual,1958
340,GeForce GTX 670M,1951
341,GeForce GTX 470M,1950
342,GeForce GTX 950M,1943
343,Radeon R9 M370X,1942
344,GeForce GTX 645,1940
345,Quadro M600M,1932
346,GeForce GTX 550 Ti,1921
347,GeForce GTX 765M,1888
348,Intel Iris Pro 580,1881
349,Radeon RX 550X,1867
350,Radeon Vega 9,1866
351,GeForce GTX 650,1836
352,FirePro 3D V7800,1835
353,Radeon HD 8570D + HD 7700 Dual,1835
354,Quadro 5010M,1833
355,MxGPU,1826
356,Matrox C900 PCIe x16,1812
357,Radeon R9 255,1807
358,Radeon HD 8870M / R9 M270X / M370X,1800
359,Radeon R7 FX-9830P RADEON,1796
360,Radeon Vega 10,1791
361,Quadro 4000M,1789
362,Radeon HD 8670D + 7700 Dual,1789
363,GeForce GTX 950A,1771
364,Radeon 540X,1752
365,Quadro K3000M,1749
366,Radeon Vega 8,1743
367,Radeon RX Vega 8,1737
368,FirePro M6000 Mobility Pro,1734
369,Radeon RX Vega 10,1732
370,Intel Iris Plus,1727
371,Intel HD P630,1727
372,Quadro K2000,1724
373,Radeon RX Vega11,1724
374,FirePro M4000 Mobility Pro,1714
375,Radeon HD 5770,1713
376,Radeon HD 7750,1712
377,FirePro W600,1704
378,Quadro P500,1703
379,FirePro W4100 Adapter,1693
380,Quadro P400,1690
381,Radeon HD 6770,1685
382,FirePro W5130M,1684
383,Quadro K2000D,1677
384,Radeon Vega 10 Mobile,1668
385,GeForce GTX 850M,1654
386,Radeon HD 8870M,1638
387,Radeon Vega 8 Mobile,1632
388,FirePro M4000,1627
389,Ryzen 7 2700U with Radeon Vega,1617
390,GeForce MX110,1613
391,FirePro W4100,1603
392,GeForce GT 755M,1602
393,Quadro M520,1599
394,Radeon 540,1594
395,Intel Iris 550,1585
396,Intel Iris Plus 650,1579
397,Radeon E8860,1577
398,GeForce GT 740,1568
399,GeForce GTS 450,1556
400,Radeon Vega 6,1546
401,Intel Iris Pro Graphics 6200,1545
402,Radeon HD 8470D + HD 7500 Dual,1545
403,Radeon HD 4890,1543
404,GeForce GTX 560M,1541
405,FirePro V5900,1531
406,Radeon R9 M275X / M375,1528
407,GeForce 945M,1509
408,Radeon HD 7870M,1507
409,Ryzen 5 2500U with Radeon Vega,1503
410,FirePro 3D V5800,1487
411,Radeon HD 7660D + HD 6670 Dual,1485
412,Quadro 3000M,1464
413,Radeon Pro WX3200,1460
414,Radeon HD 5750,1456
415,GeForce GTX 660M,1448
416,Radeon R9 M270X,1445
417,GeForce GTX 760M,1439
418,Radeon R5 A10-9630P 4C+6G,1437
419,Radeon HD 7730,1427
420,Radeon HD 7560D + 7670 Dual,1426
421,Radeon R7 430,1419
422,Radeon R7 M370,1418
423,Intel Iris Plus 640,1417
424,Radeon Pro WX 4170,1409
425,Radeon R7 250,1403
426,GeForce GTX 460M,1395
427,Intel UHD P630,1384
428,Radeon HD 4870,1383
429,Radeon R7 PRO A12-8870,1376
1,FirePro W4170M,1374
2,GeForce 940MX,1373
3,Radeon HD 7850M,1373
4,FirePro M40003,1364
5,Radeon HD 8670D + 6670 Dual,1361
6,Intel UHD 630,1358
7,Radeon HD 7560D + HD 7700 Dual,1347
8,Quadro K2100M,1344
9,Intel Iris 540,1344
10,FireStream 9270,1341
11,Radeon R7 PRO A12-9800,1336
12,Radeon R7 PRO A10-8770,1320
13,Quadro 2000,1316
14,Radeon HD 8790M,1316
15,Radeon HD 6750,1316
16,FirePro M5950,1314
17,Radeon HD 4870 X2,1309
18,Radeon 535,1307
19,FirePro V4900,1307
20,Radeon R7 M465,1306
21,Radeon R9 M265X,1298
22,Firepro W4190M,1298
23,GeForce GT 750M,1298
24,GeForce GT 545,1291
25,GeForce GT 640,1282
26,GeForce GTX 760A,1281
27,Radeon R7 PRO A10-9700,1281
28,Radeon R7 A370,1281
29,Radeon R7 + R7 200 Dual,1279
30,Quadro 2000D,1279
31,GeForce GTX 285,1274
32,FirePro 3D V8750,1272
33,Radeon R7 M350,1261
34,Radeon HD 8570D + HD 6670 Dual,1261
35,Intel UHD,1260
36,Mobility Radeon HD 5870,1253
37,GeForce 930MX,1245
38,GeForce GTX 275,1245
39,Radeon R7 A12-9800 RADEON,1245
40,Quadro 2000 D,1239
41,Radeon R9 M375,1239
42,Radeon HD 8570D + 6570 Dual,1239
43,Radeon HD 7660D + 6670 Dual,1238
44,Radeon HD 8790M / R9 M290X,1237
45,GeForce GT 650M,1235
46,Radeon HD 8670D + HD 6670 Dual,1222
47,GeForce 930A,1221
48,Intel Iris Pro P6300,1209
49,GeForce GTX 280,1208
50,FirePro 3D V8700,1206
51,Radeon HD 7750M,1191
52,GeForce GT 745A,1180
53,Intel Iris Pro 5200,1173
54,FirePro 3D V4800,1168
55,FireStream 9250,1165
56,Radeon R7 M460,1161
57,Barco MXRT 5400,1161
58,Radeon R7 PRO A12-8870E,1160
59,Radeon R7 A10-9700 RADEON,1159
60,Intel Coffee Lake UHD,1158
61,Radeon R7 A10-7890K,1155
62,GeForce GPU,1153
63,GeForce 845M,1148
64,Radeon R7 PRO A10-8770E,1148
65,Radeon R7 PRO A10-9700E,1143
66,Radeon R7 A12-9800E RADEON,1142
67,Intel HD 630,1140
68,Radeon HD 8850M / R9 M265X,1140
69,GeForce GTX 260,1136
70,Radeon HD 4850 X2,1132
71,Radeon HD 7560D + 6670 Dual,1131
72,RadeonT R5 430,1124
73,Radeon R7 A10-7870K,1124
74,Radeon 530,1120
75,Radeon HD 7670,1116
76,Radeon R7 M260X,1116
77,Radeon R9 M275,1115
78,Radeon R7 A10-8850,1115
79,FirePro M4150,1114
80,Quadro FX 5800,1111
81,Radeon R7 A10-9700E RADEON,1105
82,Radeon HD 7660D + 6570 Dual,1100
83,Radeon Vega 3 Mobile,1098
84,Quadro M500M,1096
85,GeForce 920MX,1093
86,FirePro M4170,1087
87,Radeon HD 5670,1087
88,Quadro K2000M,1081
89,Radeon R7 A8-9600 RADEON,1081
90,Radeon R5 PRO A6-8570 2C+6G,1079
91,Intel UHD Graphics 620,1073
92,Radeon HD 8750M,1072
93,Radeon R7 PRO A10-9700B,1067
94,Radeon R7 M445,1066
95,Radeon Vega 3,1065
96,Radeon HD 6670,1062
97,Intel HD P530,1062
98,Radeon HD 7660D + 7670 Dual,1062
99,Radeon HD 7520G + 7700M Dual,1061
100,Firepro M4100,1059
101,GeForce GT 445M,1055
102,Radeon R5 340,1055
103,GeForce GTX 295,1053
104,Radeon R7 Opteron X3421,1051
105,Radeon HD 7670A,1050
106,Radeon R7 PRO A8-9600,1049
107,Radeon HD 8730M,1049
108,Radeon R7 340,1047
109,Radeon R7 + R7 240 Dual,1045
110,Quadro K1100M,1045
111,Radeon HD 4770,1034
112,Quadro 2000M,1034
113,Radeon HD 8570D + HD 8570 Dual,1033
114,GeForce 940A,1031
115,Radeon HD 8600/8700M,1030
116,Radeon HD7570,1029
117,Radeon R7 + R5 330 Dual,1028
118,Radeon R5 430,1028
119,Radeon R7 A8-7500,1028
120,Radeon R7 FX-8800P,1026
121,Radeon HD 4850,1022
122,Radeon R5 A6-9500 2C+6G,1021
123,Radeon R7 A10-7850K,1020
124,Radeon HD 8670D + R7 240 Dual,1020
125,Radeon 535DX,1019
126,Radeon HD 6700M,1017
127,Radeon R7 PRO A12-9800E,1015
128,Radeon HD 7690M XT,1009
129,Intel HD 530,1009
130,GeForce 830A,1005
131,GeForce 940M,1005
132,Radeon HD 7690M,1003
133,Quadro FX 4800,1001
134,Radeon HD 8570D + R7 200 Dual,999
135,Radeon HD 7660G + HD 7500M/7600M Dual,999
136,Radeon HD 7640G + HD 8750M Dual,997
137,Radeon HD 6800M,994
138,Radeon HD 7730M,994
139,Barco MXRT 5450,993
140,Radeon R7 A10-8750,990
141,Radeon HD 8570,990
142,Radeon R7 A265,987
143,Radeon HD 8690M,984
144,Radeon HD 7560D + 7560D Dual,983
145,NVS 810,981
146,GeForce GT 745M,981
147,Radeon HD 7570,981
148,Intel Iris 6100,978
149,Radeon R7 240,976
150,Radeon R7 A10-7860K,976
151,Radeon E6760,973
152,Radeon HD 8850M,973
153,GeForce GT 640M,967
154,Radeon HD 7660G N HD 7660G + HD 7700M N HD 7700M D,967
155,Radeon HD 6770M,964
156,Radeon HD 8570D + R7 240 Dual,964
157,Radeon R7 A10 PRO-7850B,962
158,GeForce 930M,962
159,Radeon R7 A8-7680,956
160,Radeon HD 5600/5700,956
161,Radeon R7 M440,956
162,Radeon R7 PRO A10-8750B,954
163,Radeon HD 8670D + R7 200 Dual,950
164,Quadro CX,947
165,Radeon HD 4830,946
166,Radeon R7 PRO A10-8850B,945
167,Radeon HD 7660D + R7 240 Dual,942
168,Radeon HD 6750M,937
169,Intel HD Graphics 620,935
170,Radeon HD 7660G + 7730M Dual,931
171,Radeon R7 240 + HD 8670D Dual,930
172,Radeon R7 A12-9720P RADEON,929
173,GeForce 840M,928
174,Quadro K620M,925
175,Radeon R7 A8-7600,924
176,GeForce GT 730,923
177,GeForce 920A,919
178,Radeon R7 240 + HD 8570D Dual,918
179,GeForce GT 635,913
180,GRID K220Q,912
181,Radeon HD 8650G,911
182,GeForce GT 645M,911
183,Radeon R7 A8-8650,911
184,Radeon R5 PRO A6-9500 2C+6G,907
185,Radeon R7 M365X,905
186,FirePro W2100,905
187,GeForce 830M,905
188,Radeon R7 PRO A12-8830B,900
189,GeForce 9800 GTX+,897
190,Radeon R7 A10-7700K,896
191,GeForce GT 555M,892
192,Radeon R7 A10-7800,889
193,Radeon R7 + R5 435 Dual A10-9700 RADEON,886
194,Radeon R9 M385X,886
195,Radeon HD 8650G + 7670M Dual,884
196,Radeon HD 7660G + HD 7730M Dual,882
197,GRID K1,881
198,GeForce 9800 GTX/9800 GTX+,879
199,GeForce 840A,878
200,Intel UHD 617,878
201,Radeon R5 PRO A6-9500E 2C+4G,877
202,GeForce GTS 250,876
203,FirePro V3900,874
204,Radeon HD 3870 X2,874
205,Radeon HD 8570D + HD 6570 Dual,868
206,Mobility Radeon HD 4850,867
207,Radeon R7 A8-7670K,865
208,Radeon R7 A8-7650K,862
209,Radeon R7 A12-9730P RADEON,862
210,Radeon HD 8550G + HD 7600M Dual,855
211,Radeon R7 A8-7500 4C+6G,853
212,Radeon HD 8500M/8700M,853
213,Radeon R5 PRO A8-9600B 4C+6G,845
214,GeForce GT 730M,843
215,Intel HD 520,843
216,GeForce GT 440,841
217,Quadro FX 3800,839
218,Radeon R5 PRO A6-8570E 2C+4G,839
219,Radeon HD 8670D + R5 235 Dual,837
220,Radeon R7 FX-9800P RADEON,836
221,GeForce 8800 GTS 512,834
222,Radeon HD 7560D + 6570 Dual,833
223,Radeon R7 PRO A8-8650B,832
224,Radeon HD 8650G + 8600/8700M Dual,832
225,Radeon HD 7660G + 7600M Dual,832
226,Intel HD 6000,830
227,Intel HD 5200,830
228,Quadro K420,829
229,Radeon R7 M265,825
230,Radeon HD 7640G N HD 7640G + HD 7600M N HD 7600M D,824
231,Radeon R7 PRO A12-9800B,824
232,Radeon R5 PRO A10-8730B 4C+6G,823
233,Quadro K600,823
234,Radeon HD 3850 X2,822
235,Radeon HD 8650G + HD 7600M Dual,820
236,Radeon HD 8550G + HD 8750M Dual,819
237,Radeon R8 M445DX,819
238,GeForce GTS 240,818
239,Radeon HD 6650M,816
240,Radeon HD 8550G + HD 8600/8700M Dual,813
241,Radeon HD 7670M,812
242,GeForce 730A,808
243,Radeon R5 A10-9600P 4C+6G,807
244,Radeon R5 A10-9620P 4C+6G,804
245,Quadro FX 3800M,803
246,GeForce GTX 850A,803
247,Radeon HD 8550G + 8600/8700M Dual,803
248,Intel UHD 610,799
249,Radeon HD 7660G,798
250,GeForce 9800 GX2,798
251,Radeon HD 8550G + 8750M Dual,796
252,Quadro K1000M,795
253,Radeon HD 7650A,795
254,NVS 5400M,793
255,Radeon R7 A10 Extreme Edition,790
256,GeForce GT 740M,789
257,GeForce GT 640M LE,789
258,Radeon 520,787
259,Radeon HD 8650G + 8750M Dual,787
260,Intel UHD 615,786
261,Radeon R7 PRO A6-9500 2C+6G,781
262,Radeon HD 8670D,781
263,Radeon HD 7660D,780
264,Radeon HD 8650G + HD 8750M Dual,779
265,Radeon R7 M340,778
266,GRID K180Q,778
267,GeForce GT 340,775
268,Radeon R7 M270,774
269,Radeon HD 7600M + 7600M Dual,773
270,Radeon HD 8650G N HD 8650G + HD 8570M Dual,773
271,Mobility Radeon HD 5000,773
272,Radeon HD 7660G + HD 7600M Dual,773
273,Radeon HD 4810,769
274,GeForce 9800 GTX,769
275,GeForce 8800 Ultra,769
276,Radeon R5 M255,765
277,GeForce 825M,764
278,NVS 510,764
279,Radeon HD 8650G + HD 8600/8700M Dual,764
280,Mobility Radeon HD 5850,763
281,GeForce 8800 GTX,762
282,Radeon HD 6570,760
283,Quadro K610M,758
284,Radeon R5 420,757
285,Radeon HD 7660G + 7700M Dual,757
286,GeForce GTS 360M,757
287,Radeon R7 A10 PRO-7800B,756
288,Quadro 1100M,755
289,Radeon HD 8570D + HD 7000 Dual,753
290,Quadro 1000M,752
291,Radeon HD 7660G + HD 7700M Dual,752
292,Radeon R7 A12-9700P RADEON,750
293,Intel Iris 5100,750
294,GeForce GT 140,748
295,GeForce 8800 GT,748
296,GeForce GT 630,747
297,Radeon HD 7660G + 7610M Dual,746
298,GeForce GT 530,745
299,Radeon R7 PRO A12-8800B,744
300,Radeon R5 235 + HD 7560D Dual,744
301,Radeon HD 7660G + 7670M Dual,743
302,GeForce GT 730A,743
303,Radeon HD 8650G + 7600M Dual,742
304,Intel HD 615,741
305,Radeon 6600M,741
306,Radeon R8 M365DX,741
307,GeForce 920M,739
308,Radeon HD 7670M + 7670M Dual,738
309,Radeon R7 A8 PRO-7600B,738
310,GeForce GTX 285M,735
311,Radeon R7 M360,733
312,GeForce 9600 GT,729
313,Radeon HD 7550M/7650M,728
314,GRID K140Q,728
315,GeForce 720A,725
316,Radeon R8 M535DX,724
317,Radeon HD 7650M,724
318,Radeon HD 7660G N HD 7660G + HD 7600M N HD 7600M D,723
319,Radeon HD 8650G + R5 M200 Dual,723
320,Mobility Radeon HD 5570,721
321,Mobility Radeon HD 4870,720
322,GeForce GT 550M,720
323,Radeon HD 7540D + 6570 Dual,720
324,Radeon HD 8550G,719
325,Radeon HD 8670D + HD 7000 Dual,719
326,Intel HD 610,718
327,Radeon HD 8470D + 6450 Dual,717
328,Radeon HD 3870,717
329,GeForce GT 720,716
330,Radeon HD 8650G + HD 8570M Dual,716
331,Intel HD 4600,715
332,Radeon HD 5570,714
333,Radeon HD 7660G + HD 8670M Dual,711
334,Radeon HD 6550A,708
335,GeForce 9800 GT,707
336,Radeon HD 7660G + HD 7670M Dual,707
337,GeForce GT 820M,706
338,Radeon HD 7640G + 7600M Dual,706
339,Radeon HD 7660G N HD 7660G + HD 7670M Dual,705
340,Radeon HD 7640G + HD 7600M Dual,704
341,GRID K160Q,701
342,GeForce 820A,700
343,GeForce GT 635M,700
344,TRINITY DEVASTATOR MOBILE,699
345,Radeon HD 7570M/HD 7670M,699
346,Quadro 600,699
347,Radeon HD 7640G + HD 8570M Dual,697
348,Radeon R5 PRO A6-9500B 2C+4G,693
349,GeForce GT 630M,691
350,Radeon HD 7640G + 7700M Dual,691
351,Radeon R7 M260DX,690
352,Radeon R5 PRO A6-8530B 2C+4G,690
353,Radeon HD 7640G + 8600/8700M Dual,689
354,GeForce GT 710,687
355,Radeon HD 8650G + R5 M230 Dual,686
356,Radeon HD 8550D,685
357,Radeon HD 6630M,685
358,Quadro FX 5600,681
359,Radeon R6 A10-8700P,681
360,GRID P40-3Q,681
361,Radeon HD 8650G N HD 8650G + HD 8600M N HD 8600M D,680
362,Radeon HD 7640G N HD 7640G + HD 7670M Dual,680
363,Radeon HD 8570D,679
364,GeForce GTS 160M,679
365,Mobility Radeon HD 5730,678
366,GeForce GT 735M,676
367,Radeon HD 8610G + R5 M200 Dual,676
368,Quadro FX 4700 X2,676
369,Intel HD P4600/P4700,675
370,Radeon HD 8550G + R5 M230 Dual,668
371,GeForce GT 435M,668
372,Radeon R7 M260,666
373,Radeon HD 7640G + HD 8500M N HD 8500M Dual,666
374,NVS 5200M,665
375,FirePro M7740,665
376,Radeon HD 8550G + 8690M Dual,664
377,Quadro 500M,664
378,Radeon HD 7560D,663
379,Intel HD 5600,663
380,GeForce GT 430,662
381,FireGL V7700,660
382,GeForce GT 720A,660
383,Radeon HD 7640G + HD 7670M Dual,660
384,Radeon HD 2900 XT,660
385,Quadro FX 2800M,657
386,Radeon HD 7640G + 8750M Dual,655
387,Radeon HD 8650G + 8570M Dual,654
388,Quadro K510M,651
389,Radeon HD 7520G + HD 8750M Dual,651
390,SUMO 9640,650
391,Radeon R5 240,650
392,GeForce GT 540M,649
393,GeForce GT 240,649
394,Radeon R5 M430,649
395,Intel HD 515,648
396,Radeon HD 6670 + 6670 Dual,647
397,Radeon HD 8610G + HD 8500M Dual,646
398,GeForce 9800M GTS,645
399,Radeon HD 7640G + 7670M Dual,645
400,Radeon R6,644
401,Radeon HD 6550D,642
402,GeForce 810A,638
403,Radeon HD 7640G + 7400M Dual,637
404,Radeon HD 8450G + 8750M Dual,637
405,GeForce 9800 S,636
406,Radeon HD 8650G + 8670M Dual,635
407,Matrox C420 LP PCIe x16,635
408,Radeon HD 8650G + HD 7670M Dual,634
409,Radeon HD 7660D + HD 7000 Dual,634
410,Quadro FX 3700M,633
411,Radeon HD 7610M,632
412,Radeon HD 7660G + 7470M Dual,631
413,Radeon R5 A6-7480,630
414,Quadro FX 3700,629
415,Radeon HD 2900 PRO,628
416,Radeon HD 7640G + 7500/7600 Dual,627
417,Radeon HD 8650G + 8500M Dual,627
418,GeForce GT 425M,626
419,Intel HD 510,624
420,Radeon HD 7520G + HD 8600/8700M Dual,624
421,FirePro M2000,623
422,Radeon HD 7640G + HD 7400M Dual,621
423,GeForce GTX 280M,621
424,GeForce 820M,621
425,Radeon HD 8570 + 8670D Dual,620
426,Radeon HD 8550G + R5 M200 Dual,619
427,Radeon HD 8550G + 8600M Dual,618
428,Radeon HD 7500G + 7500M/7600M Dual,617
429,FireGL V7600,616
1,Radeon HD 7640G,615
2,Radeon HD 7570M,614
3,Radeon HD 8650G + 8600M Dual,613
4,7900 MOD - Radeon HD 6520G,610
5,Radeon HD 8610G + 8500M Dual,610
6,Radeon R5 M315,610
7,Radeon HD 7640G + HD 8500M Dual,607
8,GeForce 8800 GTS,606
9,Intel HD P4600,605
10,Radeon HD 8690A,603
11,Radeon R5 M435,603
12,Radeon HD 8550G + 8500M Dual,603
13,Radeon HD 8650G + HD 8600M Dual,601
14,Intel HD 5000,601
15,GeForce GT 525M,601
16,Quadro FX 4600,600
17,Radeon HD 8610G + 8670M Dual,600
18,Radeon HD 7520G + HD 7600M Dual,599
19,Radeon R6 M255DX,598
20,Intel HD 5500,596
21,Radeon HD 8510G + 8500M Dual,596
22,Radeon R5 M330,596
23,Radeon HD 7640G + 7470M Dual,595
24,Radeon HD 8550G + HD 8600M Dual,594
25,Radeon R6 PRO A8-8600B 4C+6G,593
26,Radeon HD 7520G + 7600M Dual,591
27,GeForce GTX 260M,590
28,Radeon HD 7640G + HD 7700M Dual,589
29,Radeon HD 8610G + 8600M Dual,589
30,Radeon HD 7520G + 7610M Dual,588
31,Radeon HD 7660G + 7400M Dual,588
32,Radeon HD 7660G + 8670M Dual,588
33,Radeon HD 7640G + HD 8600/8700M Dual,587
34,Radeon HD 7640G + 8500M Dual,586
35,Radeon HD 8650G + HD 8670M Dual,585
36,Radeon HD 8610G + HD 8600M Dual,584
37,Radeon HD 8550G + 8670M Dual,579
38,Quadro FX 1800,579
39,Radeon HD 8610G + HD 8670M Dual,578
40,Radeon HD 7620G + 8670M Dual,577
41,Intel Skylake HD DT GT2,577
42,Radeon HD 8450G + HD 8670M Dual,575
43,GeForce GT 620M,574
44,Radeon R6 PRO A10-8700B 4C+6G,572
45,GeForce 710M,572
46,Radeon R5 330,571
47,Radeon R6 + R7 M265DX Dual,571
48,Intel HD 4400,570
49,GeForce GTS 250M,569
50,Radeon R5 M230,567
51,Radeon HD 6610M,565
52,Mobility Radeon HD 3870 X2,564
53,GeForce GT 720M,564
54,Radeon HD 7560D + R5 235 Dual,563
55,Radeon R6 A8-8600P,560
56,Radeon HD 7640G + 8670M Dual,558
57,Radeon HD 7640G + 8570M Dual,558
58,Radeon HD 6620G,557
59,Radeon R5 M240,557
60,GeForce GTS 350M,556
61,GeForce 800M,556
62,Radeon R5 M320,556
63,Radeon HD 7600G + HD 7500M/7600M Dual,555
64,Mobility Radeon HD 5650,555
65,GeForce GT 330,555
66,Radeon R5 M420,555
67,GF117,554
68,GeForce GT 710M,554
69,GeForce GT 320,552
70,Radeon HD 8610G,551
71,FireGL V8650,550
72,Radeon R5 M335,549
73,GeForce 615,549
74,Radeon HD 5550,549
75,Mobility Radeon HD 3870,548
76,GeForce 9800M GS,547
77,FirePro 3D V5700,547
78,Radeon HD 7640G + R5 M200 Dual,547
79,Radeon HD 8550G + HD 8670M Dual,546
80,Radeon HD 8450G + 8600M Dual,545
81,FirePro 3D V7750,545
82,Radeon HD 8500M,545
83,Radeon HD 7520G + HD 7400M Dual,545
84,Radeon HD 4670,544
85,Radeon HD 7600G + HD 8670M Dual,544
86,GeForce 8800 GS,544
87,GeForce GT 420M,543
88,GeForce 8800M GTX,542
89,GeForce 710A,538
90,Radeon HD 7560D + HD 7000 Dual,534
91,Radeon HD 8570M,534
92,Radeon HD 8550G + 8570M Dual,533
93,RADEON HD6530D,532
94,GeForce GT625M,531
95,Radeon HD 3850,529
96,Quadro FX 2700M,529
97,Radeon HD 8550G + HD 8570M Dual,529
98,Radeon HD 7640G + 6400M Dual,527
99,Radeon HD 8650D,526
100,Radeon HD 7520G + 7670M Dual,523
101,Radeon HD 8470D,522
102,Radeon HD 8670M,520
103,GeForce 9800M GTX,517
104,IncrediblE HD 4000,517
105,Intel HD P4000,516
106,GeForce 9600 GSO,516
107,Radeon HD 6530D,514
108,Mobility Radeon HD 4830,512
109,Radeon HD 7640G + 7610M Dual,510
110,Radeon HD 7540D,510
111,Radeon HD 7600G + HD 7550M Dual,509
112,Radeon HD 7620G + 8600M Dual,509
113,Radeon HD 7620G + HD 8670M Dual,507
114,GeForce 9600 GSO 512,503
115,GeForce GT 335M,502
116,GeForce GT 625M,500
117,Radeon HD8530M,499
118,TRINITY SCRAPPER MOBILE,498
119,SUMO 964A,498
120,Radeon HD 8510G,498
121,Radeon HD 7500G + 7550M Dual,497
122,ASUS EAH4870x2,496
123,Radeon HD 7520G + HD 7670M Dual,495
124,GeForce 810M,490
125,Radeon HD 7520G + 7400M Dual,487
126,GeForce 910M,487
127,Radeon HD 6520G,487
128,Radeon HD 8450G + HD 8750M Dual,484
129,Radeon HD 7600G,482
130,Mobility Radeon HD 5000 Serisi,479
131,GeForce 9700M GTS,479
132,Quadro FX 1800M,478
133,GeForce GT 420,478
134,GeForce 9800M GT,475
135,Radeon HD 8450G + 8670M Dual,475
136,Radeon HD 7620G,475
137,GeForce 8800M GTS,474
138,FirePro V3800,473
139,GeForce GT 230,472
140,FirePro 3D V3800,472
141,Radeon HD 7600G + 8500M/8700M Dual,470
142,Quadro FX 3600M,467
143,Radeon HD 7660D + 7470 Dual,465
144,Radeon HD 7550M,465
145,FirePro V5700,465
146,Mobility Radeon HD 4670,463
147,Intel HD 4000,457
148,GeForce GT 130,456
149,GeForce 705M,456
150,Radeon HD 7520G,453
151,Radeon HD 7520G + 7650M Dual,453
152,Radeon HD 8450G + HD 8600M Dual,452
153,Radeon HD 7660G + 8600M Dual,446
154,GeForce 9600 GS,445
155,Radeon HD 3850 AGP,444
156,Radeon HD 8350G,443
157,Radeon HD 7620G + HD 8600M Dual,443
158,Radeon HD 7600G + HD Dual,442
159,Intel HD Family,441
160,GeForce GT 625,439
161,Radeon R5 Opteron X3216,437
162,Radeon HD 8410G,435
163,Radeon HD 8370D,433
164,GeForce GT 620,431
165,Radeon HD 7480D,430
166,Radeon HD 7420G,429
167,Intel UHD 605,429
168,GeForce 800A,428
169,Radeon HD 7600G + 7550M Dual,423
170,RADEON HD6410D,423
171,GeForce GT 705,420
172,Intel 4th Generation Haswell HD,420
173,Radeon HD 8450G,413
174,Radeon HD 7500G,412
175,Mobile Intel HD,409
176,Radeon HD 7470M,408
177,GeForce GT 520MX,407
178,Radeon HD 6480G,406
179,Radeon HD 7600G + 7500M/7600M Dual,406
180,GeForce 610M,405
181,RADEON E4690,405
182,Quadro 410,403
183,Intel HD 5300,401
184,Mobility Radeon HD 4650,401
185,Radeon R4,398
186,Intel HD 505,390
187,Radeon HD 7600G + 7450M Dual,390
188,Radeon HD 6410D,386
189,GeForce GT 520M,385
190,Radeon HD 6490M,378
191,Radeon HD 8490,377
192,PHDGD Ivy 4,374
193,Radeon R3,370
194,Radeon R5 235,369
195,Radeon R5 235X,368
196,Intel UHD 600,367
197,NVS 4200M,366
198,Radeon HD8490,366
199,Mobility Radeon HD 3850,366
200,GeForce GT 520,365
201,Radeon HD 7470,362
202,GeForce GT 330M,361
203,Radeon HD 7500G + HD 7500M/7600M Dual,356
204,NVS 5100M,356
205,Radeon HD 8400,355
206,GeForce 410M,355
207,Quadro FX 880M,354
208,Mobility Radeon HD 565v,353
209,Intel HD 500,352
210,Radeon HD 7580D,351
211,GeForce GT 240M,350
212,GeForce GT 610,350
213,GeForce GT 220,349
214,NVS 315,348
215,Radeon HD 8470,344
216,Intel HD P3000,343
217,FirePro 3D V3750,341
218,FireGL V5600,341
219,Radeon HD 8400E,339
220,Radeon R5E,339
221,Radeon R5 310,335
222,Radeon HD 4650,334
223,Radeon HD 8330,333
224,GeForce GT 230M,332
225,Radeon HD 7450M,330
226,GeForce 605,324
227,Radeon HD 7400G,323
228,RADEON HD6370D,320
229,Radeon HD 8280,319
230,GeForce GT 415M,318
231,Mobility Radeon HD 560v,318
232,Radeon HD 8330E,318
233,Radeon HD 8280E,318
234,GeForce 9700M GT,318
235,Intel HD 3000,315
236,Radeon HD 6470M,313
237,Radeon HD 7520G + 8600/8700M Dual,311
238,Radeon HD 6370D,311
239,GeForce 510,310
240,Radeon HD 7450,308
241,Quadro FX 3500M,306
242,GeForce 7900 GTX,306
243,Radeon R2,301
244,Radeon R1E,301
245,Quadro FX 1700M,301
246,Radeon HD 6380G,301
247,GRID K120Q,298
248,GeForce GT 130M,298
249,Quadro FX 770M,297
250,NVS 310,296
251,GeForce 9600M GT / GeForce GT 220M,293
252,Radeon HD 2900 GT,292
253,GeForce GT 325M,291
254,Radeon HD 7450A,288
255,GeForce GT 120,286
256,GeForce 8600 GTS,284
257,Mobility Radeon HD 5165,284
258,Radeon HD 2600 XT,282
259,Radeon HD 7350,279
260,Radeon HD 8240,278
261,GeForce 9500 GS,277
262,Radeon HD 6450,277
263,Radeon HD 6370M,276
264,GeForce 9500 GT,272
265,GeForce 320M,272
266,GeForce Go 7900 GTX,270
267,GeForce 9650M GS,270
268,Radeon HD 8280G,270
269,Quadro FX 580,268
270,Radeon HD 5470,268
271,GeForce GT 120M,268
272,Mobility Radeon HD 550v,266
273,Radeon HD 8350,265
274,GeForce 7950 GT,265
275,GeForce Go 7950 GTX,264
276,Wine Display Adapter,262
277,Radeon HD 6450A,260
278,GeForce 9600M GT,259
279,GeForce 7900 GT,258
280,Radeon HD 8250,257
281,GeForce GT 220M,257
282,Radeon R3E,257
283,Radeon HD 6300M,257
284,GeForce 9650M GT,254
285,Radeon HD 8210,251
286,GeForce 315,248
287,GeForce 7900 GT/GTO,247
288,Radeon R5 230,247
289,Quadro FX 5500,242
290,Radeon R2E,242
291,GeForce 8600 GT,241
292,Radeon HD 3670,240
293,Quadro 400,237
294,Mobility Radeon HD 5470,236
295,Radeon HD 4550,236
296,Radeon R5 220,233
297,Mobility Radeon HD 3670,232
298,GeForce 9600M GS,232
299,Radeon HD 5450,232
300,FirePro 2270,227
301,GeForce 7800 GTX,224
302,Radeon HD 7340M,222
303,Radeon HD 6230,221
304,HD6450,221
305,A6 Micro-6500T Quad-Core APU with RadeonR4,220
306,GeForce 7900 GS,219
307,Mobility FireGL V5725,219
308,Quadro FX 2500M,218
309,Radeon HD 6320 Graphic,216
310,FirePro 2460,216
311,Mobility Radeon. HD 5470,215
312,Mobility Radeon HD 5450,214
313,Quadro FX 1600M,213
314,Radeon HD 2600 PRO,211
315,GeForce 405,211
316,Mobility Radeon HD 3650,210
317,GeForce Go 7800 GTX,210
318,GeForce 310M,209
319,GeForce 315M,208
320,Quadro FX 3500,208
321,RADEON HD 6350,208
322,Radeon HD 4650 AGP,208
323,Radeon HD 7340,207
324,GeForce 8700M GT,207
325,Quadro FX 4500,206
326,Quadro NVS 320M,206
327,GeForce GT 320M,205
328,Intel 2nd Generation SandyBridge HD 3000,205
329,NVS 3100M,203
330,Radeon HD 6320,202
331,GeForce 310,202
332,GeForce 7950 GX2,202
333,Quadro FX 380M,201
334,Mobility Radeon HD 545v,200
335,GeForce G210M,199
336,Radeon HD 6320M,198
337,Radeon HD 7340G,196
338,GeForce 7800 GT,196
339,Mobility Radeon HD 4570,196
340,Radeon HD 8180,195
341,Intel Infoshock HD,194
342,Quadro FX 1700,193
343,Radeon HD 6430M,193
344,Mobility Radeon HD 2600 XT,192
345,Mobility Radeon HD 4550,191
346,GeForce 505,191
347,GeForce 305M,191
348,Quadro FX 380 LP,189
349,Mobility Radeon HD 540v,188
350,GeForce 9400 GT,186
351,Quadro FX 570M,185
352,NVS 2100M,185
353,NVS 300,183
354,GeForce 7600 GT,182
355,Mobility Radeon HD 5430,181
356,Radeon HD 7310G,181
357,FireGL V3600,180
358,GeForce 9500M GS,180
359,GeForce G105M,179
360,FirePro 3D V3700,179
361,GeForce 7800 GS,177
362,GeForce Go 7900 GS,176
363,Mobility Radeon HD 530v,175
364,GeForce 210,171
365,Radeon HD 7310,171
366,Quadro FX 1500M,171
367,Radeon HD 6310,170
368,GeForce 8600M GT,169
369,GeForce G210,169
370,Mobility Radeon HD 2600,168
371,GeForce 9500M G,167
372,Radeon HD 4350,167
373,Radeon HD 7310M,166
374,Intel HD manual-gen9_2015-133271,165
375,GeForce Go 7600 GT,165
376,Radeon HD 4330,159
377,Radeon HD 4300/4500 Serisi,156
378,Quadro FX 1500,156
379,Radeon X1950 CrossFire Edition,151
380,Radeon HD 3650 AGP,150
381,Quadro FX 3450,149
382,Quadro FX 380,149
383,Mobility Radeon HD 4350,148
384,GeForce Go 7700,148
385,Radeon X1900 GT,146
386,Radeon HD 3470,142
387,GeForce 6800 GT,142
388,GeForce 8600 GS,142
389,Radeon HD 4290,141
390,Radeon HD 7290,141
391,Radeon X1800 GTO,141
392,Radeon HD 6290M,140
393,nForce 760i SLI,140
394,GeForce 9400,140
395,Intel Haswell HD - GT2,139
396,GeForce 6800 Ultra,139
397,Radeon HD 6290,139
398,GeForce Go 6800 Ultra,138
399,GeForce 6800 GS,138
400,Radeon X1900 CrossFire Edition,137
401,GeForce 8500 GT,136
402,Mobility Radeon HD 4330,135
403,Mobility Radeon X1900,135
404,GeForce 7600 GS,135
405,Quadro FX 3450/4000 SDI,135
406,GeForce 7650 GS,134
407,GeForce G200,132
408,MOBILITY RADEON X1800,130
409,GeForce 9300 / nForce 730i,130
410,FireGL V7300,128
411,GeForce Go 7600,128
412,All-in-Wonder X1900,127
413,GeForce 9300,127
414,Radeon HD 3300,127
415,GeForce 205,126
416,GeForce 9400M G,124
417,GeForce 8600M GS,123
418,Radeon HD 7290M,123
419,Intel Haswell HD - GT1,123
420,Radeon HD 4250,123
421,Radeon HD 2400,121
422,Radeon HD 6250,120
423,Radeon HD 2400 XT,119
424,RV530 PRO,119
425,GeForce 9400M,118
426,Radeon HD 3450,118
427,FireMV 2260,117
428,Mobile Intel 45 Express-Chipsatzfamilie,117
429,PHDGD Quantic C3,117
1,Radeon X1700 Targa Edition,117
2,FireGL V7200,116
3,Intel Media Accelerator HD,116
4,Radeon X1600 XT,116
5,Quadro FX 570,116
6,GeForce Go 7800,115
7,FireGL V5200,115
8,Radeon HD 2400 Pro,114
9,Quadro FX 560,114
10,FirePro 2260,113
11,Radeon X1950 Pro,113
12,GeForce 8400 GS,113
13,Sapphire RADEON X800 GT,113
14,GeForce 6800,113
15,GeForce G 105M,112
16,Intel HD Modded,112
17,Radeon HD 4200,112
18,FireGL V7350,111
19,Radeon HD 2600 Pro AGP,110
20,Radeon HD 4270,110
21,XFX Radeon HD 4650 AGP,110
22,GeForce 6800 LE,110
23,VIA/S3G Chrome 645/640 GPU,110
24,GeForce 7300 GT,108
25,Quadro FX 370 LP,108
26,Radeon Infoshock 3000,107
27,Radeon X1950 GT,106
28,GeForce Go 6800,106
29,GeForce9400M,106
30,GeForce G 103M,105
31,Mobility Radeon X1700,105
32,Quadro FX 3400/4400,104
33,M880G with Mobility Radeon HD 4250,104
34,GeForce 9500M,104
35,Quadro FX 1400,104
36,FireGL V3400,103
37,GeForce 6800 GS/XT,103
38,Mobility Radeon HD 2400 XT,102
39,Quadro FX Go1400,102
40,GeForce 6800 XT,101
41,GeForce 6600 GT,101
42,GeForce 9300 GE,101
43,GeForce 8400,101
44,GeForce G100,100
45,Radeon X1600 Pro,99
46,Quadro NVS 420,99
47,Mobility Radeon HD 4250,98
48,Mobility Radeon HD 3430,98
49,Radeon 3000,98
50,GeForce 8400M GT,98
51,GeForce 6700 XL,98
52,ION LE,98
53,GeForce 9300GE,98
54,ION,98
55,RADEON X800 XT,98
56,Quadro NVS 295,97
57,Mobility Radeon HD serie 4200,97
58,MEDION RADEON X740XL,95
59,GeForce 9300M GS,94
60,GeForce G102M,94
61,Mobility Radeon HD 3470 Hybrid X2,94
62,Mobility Radeon HD 3470,93
63,Quadro FX 370M,93
64,Mobility Radeon HD 4270,93
65,M880G with Mobility Radeon HD 4200,93
66,FireGL V5100,93
67,Quadro NVS 150M,93
68,Mobility Radeon X1600,92
69,nForce 780a SLI,92
70,Quadro NVS 160M,92
71,RADEON X600XT,92
72,GeForce 9300 GS,92
73,GeForce G205M,92
74,GeForce 8300,92
75,Mobility Radeon HD 3450,91
76,Quadro NVS 450,91
77,Mobility Radeon HD 4200,91
78,Quadro NVS 290,91
79,Quadro NVS 140M,90
80,Mobility Radeon HD 2400,90
81,GeForce 6610 XL,89
82,Quadro FX 360M,87
83,Quadro FX 350,86
84,GeForce 9300M G,85
85,FireGL V3200,85
86,Radeon X1650 Pro,85
87,GeForce 9200M GS,85
88,ALL-IN-WONDER X800 GT,84
89,Radeon X1300 PRO,84
90,RADEON X800 GT,84
91,GeForce 999 GTX,84
92,Quadro FX 370,84
93,nForce 750a SLI,84
94,Radeon HD 3200,82
95,GeForce 9100,82
96,GeForce 8400M GS,82
97,RADEON X850 XT Platinum Edition,82
98,Mobility Radeon X2500,82
99,MOBILITY FireGL V5000,82
100,nForce 980a/780a SLI,82
101,Mobility Radeon 4100,81
102,RADEON X850 XT,81
103,Quadro FX 540,81
104,GeForce 9200M GE,81
105,GeForce 9200,81
106,GeForce 8200,80
107,RADEON X800GT,80
108,GeForce 8100 / nForce 720a,79
109,RADEON X800 GTO,77
110,Radeon HD 2350,77
111,RADEON X700 PRO,76
112,M860G with Mobility Radeon 4100,76
113,GeForce 9100M G,75
114,Radeon X1650 GTO,75
115,GeForce 7350 LE,74
116,Radeon 3100,74
117,RADEON X800 PRO/GTO,73
118,RADEON X850 PRO,73
119,RADEON X700,73
120,M880G with Mobility Radeon HD 4225,72
121,RADEON X700 SE,71
122,Radeon X1650 SE,71
123,Radeon X550XTX,71
124,FireGL V3300,71
125,GeForce Go 6600,69
126,RADEON X800 XL,69
127,Intel G45/G43 Express Chipset,69
128,Radeon X1600 Pro / X1300XT,69
129,GeForce 7500 LE,69
130,Quadro FX 3000,69
131,FireGL V3350,69
132,GeForce 8400 SE,68
133,Matrox G200eR WDDM 2.0,68
134,Matrox G200eR WDDM 1.2,68
135,256MB RADEON X600,67
136,MOBILITY RADEON X700,67
137,GeForce 8300 GS,67
138,Radeon X1550,67
139,Mobility Radeon HD 4225,66
140,Intel Q45/Q43 Express Chipset,66
141,GeForce 7300 GS,66
142,128MB DDR Radeon 9800 Pro,66
143,RADEON X800 PRO,65
144,Quadro FX 550,64
145,Intel B43 Express Chipset,64
146,Intel G41 Express Chipset,63
147,Mobility Radeon HD 3410,63
148,GeForce Go 7400,63
149,GeForce 6600,63
150,Quadro FX 350M,62
151,MOBILITY FireGL V3200,62
152,SAPPHIRE Radeon X1550,61
153,Radeon 2100,60
154,RADEON 9800 PRO,59
155,Matrox G200e WDDM 1.2,59
156,GeForce FX 5950 Ultra,59
157,Quadro NVS 130M,59
158,FireGL X1,59
159,Intel G41 Express-Chipsatz,59
160,GeForce 8400M G,59
161,Radeon X1300,58
162,Intel Q45/Q43 Express-Chipsatz,58
163,Intel - Express Chipset Q45/Q43,58
164,Quadro NVS 135M,57
165,Intel - Express Chipset G41,57
166,GeForce 8200M G,57
167,RADEON X600 256MB HyperMemory,57
168,RADEON X550XT,56
169,GeForce 7300 LE,56
170,RADEON 9700 PRO,54
171,RADEON 9800 XT,54
172,FireGL V3100,53
173,Matrox G200eh WDDM 1.2,52
174,GeForce FX Go5700,51
175,GeForce 6600 LE,51
176,FirePro 2450,51
177,RADEON X550,51
178,Mobility Radeon HD 2300,51
179,GeForce Go 7300,51
180,MOBILITY RADEON X600,50
181,Matrox G200eW WDDM 1.2,50
182,Radeon X1600,49
183,MOBILITY RADEON X600 SE,49
184,Radeon X1050,49
185,128MB RADEON X600 SE,49
186,Mobility Radeon X2300 HD,49
187,Mobility Radeon X2300,48
188,Quadro NVS 110M,48
189,Radeon X1550 64-bit,48
190,SAPPHIRE RADEON 9600 ATLANTIS,47
191,Quadro NVS 120M,47
192,MOBILITY RADEON 9800,46
193,FireMV 2250,46
194,GeForce Go 7200,45
195,MOBILITY FireGL V5200,45
196,GeForce Go 6600 TE/6200 TE,45
197,Mobile Intel serie 4 Express,45
198,Mobile Intel 4 Express-Chipsatzfamilie,45
199,GeForce 6200,44
200,128 DDR Radeon 9700 TX w/TV-Out,44
201,GeForce 7100 GS,44
202,Mobile Intel 45 Express,44
203,Mobility Radeon X1400,43
204,RADEON 9600 PRO,43
205,Radeon Xpress 1250,43
206,Matrox G200eW,42
207,GeForce 7300 SE/7200 GS,42
208,RADEON 9500 PRO / 9700,42
209,GeForce FX 5900 Ultra,41
210,GeForce FX 5700,41
211,MOBILITY FIREGL T2,41
212,Matrox G200eh,41
213,GeForce FX 5900XT,40
214,Mobility Radeon X1350,40
215,S3 Chrome 430 ULP,40
216,Mobility Radeon X1300,39
217,MOBILITY RADEON 9600/9700,39
218,GIGABYTE RADEON 9600 PRO,39
219,GeForce 7300 SE,39
220,GeForce 6200 TurboCache,39
221,Mobile Intel - famiglia Express Chipset 45,39
222,GeForce 6500,38
223,Quadro NVS 285 128MB,38
224,RADEON X300SE,38
225,Quadro NVS 440,38
226,Radeon X1250,37
227,Matrox G200eR,37
228,RADEON 9500,36
229,FireMV 2200 PCIe,36
230,Quadro FX 1100,36
231,Radeon Xpress 1200,36
232,Quadro NVS 285,35
233,RADEON 9600 XT,35
234,GeForce PCX 5750,35
235,GeForce FX 5900,35
236,RADEON 9550,35
237,Quadro FX 1300,34
238,Quadro FX 1000,34
239,GeForce FX 5700 Ultra,34
240,Radeon Xpress 1100,34
241,MOBILITY RADEON X300,34
242,MOBILITY FIREGL T2/T2e,34
243,Mobility Radeon X1450,33
244,GeForce FX 5700VE,33
245,GeForce 7150 / nForce 630i,33
246,Intel Media Accelerator,33
247,Radeon X1200,33
248,Matrox M9138 LP PCIe x16,32
249,GeForce 6200 A-LE,32
250,Red Hat QXL controller,32
251,GeForce 7100 / nForce 630i,31
252,GeForce 7050 / nForce 620i,31
253,Radeon X1270,31
254,OpenXT Display Driver,31
255,FireGL T2-128,31
256,Intel G35 Express,31
257,Radeon Xpress 1150,30
258,RADEON XPRESS 200,30
259,Radeon 9550 / X1050,29
260,GeForce 6200SE TurboCache,29
261,GeForce 7050 / nForce 610i,28
262,MOBILITY RADEON 9700,27
263,MOBILITY FireGL V5250,27
264,RADEON 9600SE,27
265,MOBILITY RADEON XPRESS 200,27
266,GeForce 7050 / nForce 630i,27
267,GeForce 6200 LE,27
268,Radeon Xpress 1270,27
269,RADEON 9600 PRO Family,27
270,PHDGD Sapphire GR for Mobile Intel 965,26
271,GeForce 6100 nForce 420,25
272,GeForce 6100 nForce 400,25
273,GeForce 7025 / nForce 630a,25
274,RADEON 9600 Family,25
275,GeForce FX 5700LE,25
276,MOBILITY RADEON 9600 PRO TURBO,25
277,GeForce 6150SE,25
278,GeForce Go 6400,24
279,Mobile Intel 965 Express-Chipsatzfamilie,24
280,Quadro NVS 210S,24
281,RADEON 9800 SE,24
282,Matrox M9140 LP PCIe x16,23
283,GeForce 6100 nForce 430,23
284,GeForce 6150SE nForce 430,23
285,RADEON XPRESS 200M,23
286,GeForce 7050 PV / nForce 630a,22
287,GeForce 6100 nForce 405,22
288,GeForce 6150,22
289,GeForce 6100,21
290,GeForce 6150 LE,21
291,Quadro NVS 210S / GeForce 6150LE,21
292,Mobile Intel 965 Express,21
293,PHDGD Solo 2 x64,20
294,S3 Chrome S25 DDR2,18
295,RADEON 9600 TX Family,18
296,Intel G965 Express,18
297,GeForce 7150M / nForce 630M,18
298,GeForce Go 6100,18
299,GeForce Go 6150,18
300,GeForce FX Go 5600,18
301,GeForce FX 5600 Ultra,17
302,GeForce FX Go5650,17
303,GeForce Go 6200,15
304,Quadro FX 500/600 PCI,14
305,Radeon HD 2400 PCI,14
306,GeForce 7000M,13
307,GeForce 7000M / nForce 610M,13
308,GeForce FX 5600,13
309,GeForce FX Go5300,13
310,GeForce FX 5200 Ultra,12
311,Intel G33/G31 Express,12
312,GeForce FX 5200SE,12
313,FireMV 2400 PCIe,11
314,RGH Drivers v3,11
315,PHDGD Solo 1.2.0 x86,11
316,VIA Chrome9 HD IGP,11
317,Intel Q33 Express,11
318,Familia Intel Q33 Express Chipset,10
319,Matrox Millennium P690 PCIe x16,10
320,Intel Q35 Express,10
321,Matrox M9148 LP PCIe x16,10
322,GeForce FX 5600XT,9
323,GeForce FX Go 5200,8
324,GeForce FX 5500,8
325,MOBILITY RADEON 9000 IGP,8
326,Quadro FX 500/FX 600,8
327,GeForce FX 5200,8
328,Famille de jeu de puces Express Intel 946GZ,7
329,Intel US15 Embedded Media and Controller,7
330,GeForce4 Ti 4800 SE,7
331,GeForce4 Ti 4400,7
332,GeForce FX 5200LE,7
333,Intel Media Accelerator 600,7
334,Matrox Millennium P690 Plus LP PCIe x16,7
335,Quadro4 380 XGL,7
336,GeForce4 MX Integrated GPU,7
337,Intel Q965/Q963 Express,6
338,MOBILITY RADEON 7000 IGP,6
339,Intel 946GZ Express,6
340,GeForce PCX 5300,6
341,RADEON 9100 Family,6
342,Quadro NVS 55/280 PCI,6
343,RADEON IGP 350M,6
344,GeForce4 440 Go 64M,6
345,VIA/S3G UniChromeII,6
346,Mobile Intel 945GM Express,6
347,Quadro 280 NVS PCIe,6
348,Intel 82945G Express,6
349,Intel 82915G Express,6
350,MOBILITY RADEON 9000/9100 IGP,6
351,Matrox Parhelia APVe,6
352,ALL-IN-WONDER RADEON 8500DV,6
353,GeForce4 448 Go,6
354,GeForce4 Ti 4600,6
355,GeForce4 Ti 4200,5
356,RADEON 9100 IGP,5
357,GeForce4 420 Go 32M,5
358,Matrox Millennium P650 PCIe 128,5
359,Mobile Intel 945GM/GU Express,5
360,Xabre,5
361,GeForce 256,5
362,Quadro4 980 XGL,5
363,ALL-IN-WONDER 9000,5
364,GeForce3,5
365,GeForce4 MX 420,5
366,GeForce4 MX 440 with AGP8X,5
367,RADEON 7500 Family,5
368,VIA/S3G UniChrome Pro IGP,5
369,Intel 82865G Controller,5
370,GeForce2 Ti,5
371,GeForce4 MX 440SE,5
372,GeForce4 MX 440,5
373,GeForce4 MX 4000,5
374,Mobile Intel 945 Express,5
375,GeForce2 Integrated GPU,4
376,Mobile Intel 915GM/GMS/910GML Express,4
377,VIA Chrome9 HC IGP,4
378,VIA/S3G UniChrome IGP,4
379,GeForce4 MX 460,4
380,MOBILITY/RADEON 9000,4
381,GeForce3 Ti 200,4
382,VIA/S3G KM400/KN400,4
383,GeForce2 GTS/GeForce2 Pro,4
384,GeForce4 4200 Go,4
385,GeForce2 MX/MX 400,4
386,ABIT Siluro T400,4
387,VIA Chrome9 HC IGP Family,4
388,RADEON 7000 / RADEON VE Family,4
389,RIVA TNT2 Model 64/Model 64 Pro,4
390,GeForce4 440 Go,4
391,Intel 865 Embedded Controller,4
392,RADEON 9200,4
393,MOBILITY RADEON 7500,4
394,Radeon IGP 320M,4
395,RADEON 9000 Family,4
396,VIA Chrome9 HC IGP Family WDDM,4
397,Intel Media Accelerator 500,3
398,RIVA TNT2/TNT2 Pro,3
399,GeForce4 420 Go,3
400,VIA/S3G DeltaChrome IGP,3
401,MOBILITY RADEON 9000,3
402,GeForce2 MX 100/200,3
403,Intel 946GZ Embedded Chipset Function 0,3
404,RADEON 7500,3
405,Rage Fury Pro/Xpert 2000 Pro,3
406,Intel 82915G/GV/910GL Express,3
407,Vanta/Vanta LT,3
408,MOBILITY RADEON 9200,3
409,Intel Media Accelerator 3150,3
410,MOBILITY RADEON 9100 IGP,3
411,Intel 82845G/GL/GE/PE/GV Controller,3
412,RADEON 9200 PRO Family,3
413,VIA Chrome9 HC IGP WDDM,3
414,VIA Chrome9 HC IGP WDDM 1.1,3
415,GeForce2 MX,3
416,RADEON IGP 345M,3
417,VIA Chrome9 HC3 IGP,3
418,Intel 82845G/GL Controller,3
419,RADEON 9200 LE Family,3
420,RADEON 9250,3
421,RADEON 9200 SE,3
422,GeForce3 Ti 500,3
423,Radeon IGP 340M,3
424,Quadro NVS 280 SD,2
425,VIA Chrome9 HC IGP Prerelease WDDM 1.1,2
426,Intel 82845G Controller,2
427,VIA Chrome9 HCM IGP,2
428,S3 ProSavageDDR,1
429,RAGE 128 PRO AGP 4X TMDS,1
430,Quadro2 Pro,1
